run_number,w,t_naturalSubgrade,t_subgradeFill,t_baseAgg,t_baseAC,t_wearingAC,e_naturalSubgrade,density_naturalSubgrade,elasticModulus_naturalSubgrade,poissonsRatio_naturalSubgrade,density_subgradeFill,elasticModulus_subgradeFill,poissonsRatio_subgradeFill,density_baseAgg,elasticModulus_baseAgg,poissonsRatio_baseAgg,density_baseAC,elasticModulus_baseAC,poissonsRatio_baseAC,density_wearingAC,elasticModulus_wearingAC,poissonsRatio_wearingAC,tyrePressure,temperature,saturation,frictionAngle_naturalSubgrade,k_naturalSubgrade,dilationAngle_naturalSubgrade,yieldStress_naturalSubgrade,frictionAngle_subgradeFill,k_subgradeFill,dilationAngle_subgradeFill,yieldStress_subgradeFill,frictionAngle_baseAgg,k_baseAgg,dilationAngle_baseAgg,yieldStress_baseAgg
1,398.169512285279,46.3852443080777,30.1004722153526,37.5809317256872,32.6844007373563,19.0030867203435,343.755029932655,1.69763524084953e-09,47.0953649188929,0.476395756595419,1.84209744473869e-09,89.2847888165575,0.407314084390355,2.21032840504562e-09,3780.22509229127,0.187811919720989,9.87065911239325e-10,4451.4840344858,0.372539794876088,2.30471137434084e-09,1775.66504129401,0.297149743241604,89.5830302793716,44.1015832564569,0.706856033502151,23.4157009677657,0.961580237546527,4.63482143683188,3.27107133035126,34.4987830752032,0.807493015299683,6.67627674072375,4.19218467266726,37.7642015812371,0.962680221780302,27.9439141936504,6.34892663980254
2,334.021087006228,42.1713006827305,36.8326743466665,37.92423761615,37.8870005205581,15.0426157189383,319.423025421595,1.73049872975175e-09,40.6211848636541,0.419995012821267,1.99424743896629e-09,97.961842030747,0.405491258917937,2.59973372963787e-09,3467.09376432249,0.189401380003339,1.19991326264508e-09,4152.05132848139,0.369887788260501,2.28422854783342e-09,1843.65326063549,0.319776664194488,102.314758407754,46.5909070571101,0.436182975129899,28.0414442069646,0.995442343386293,5.50666567853975,2.4109204110091,35.8094710827135,0.85776303045164,4.60770269862003,3.73933439546695,36.8536532634919,0.942238218400028,23.6775716851276,7.10033789847147
3,345.814974788467,78.8040566200277,36.7204200914968,38.4320494466312,34.5917737631979,12.2587769438657,372.965088877433,1.5516275319053e-09,45.8824816930383,0.414954883885265,1.98159295943974e-09,84.5870461160369,0.362683944173838,2.50604905012475e-09,3597.61342319527,0.186991839953539,9.22751369353565e-10,4039.63264987594,0.376543452209168,2.18695934906682e-09,1993.44993833526,0.312597470363383,81.0745504492515,43.1428428246226,0.700093427749961,22.4027202270533,0.94598073000142,5.98392543203285,3.67410742124151,35.2960733757047,0.993260602190977,4.89892669526203,3.27860514728364,44.2293024668436,0.947347303597833,21.7959954442389,7.60837980566208
4,360.288420965112,55.1913352489297,33.55576799818,35.4120797768735,35.6414689698197,11.3625133807676,361.891985449602,1.53561553982412e-09,43.1230234651166,0.455607661280438,1.6938716419206e-09,89.1937650122267,0.399214769303631,2.57026505643832e-09,3618.16585396132,0.217773119872343,1.05178994406928e-09,4010.51777934323,0.39757358110837,2.10745814554116e-09,1624.23627656954,0.276451543973432,117.904221041124,45.8282830242751,0.332540392898687,23.0281538902619,0.876766624224317,3.63883941443507,2.73619402076286,32.2899764219096,0.988004749349696,6.95905060509309,6.94246824168544,41.0572291027124,0.999389678712918,27.7468652124621,5.84100734936291
5,320.394026830537,44.7124423722907,36.291803045696,36.9104495706747,30.2608381019485,12.1788403129796,344.803985853892,1.67649013761022e-09,46.9451900116038,0.465186788365426,1.6203039902856e-09,86.9611271012617,0.438690405108967,2.10360024381476e-09,3385.58620757936,0.208571785255939,8.50978705885386e-10,4309.23729171174,0.374224738058871,2.1640147143185e-09,1645.51683689222,0.29995182626993,91.2454337978144,44.6889864237957,0.491138342314617,22.635723633737,0.962533699767873,3.01148446862097,3.84002328295103,36.0555828270483,0.859890799621552,5.02424342072829,3.7330913676149,39.679026977358,0.944403982354105,20.6418830380898,7.15799858614115
6,341.667772836437,48.2889455884009,34.1735095675794,37.9564896595469,37.3718540679856,18.7900765049319,323.723101872172,1.77639895217928e-09,44.1271458986542,0.40762143260627,1.98287084267871e-09,97.4795694039688,0.428167930283555,2.19892606011403e-09,2823.67099170838,0.2150079274282,1.10891335099946e-09,3898.77689546704,0.396658039012157,2.38217917694628e-09,1732.33256761719,0.341684365774181,103.758220676348,47.7024413396445,0.803604232798784,26.493534623774,0.833227110627683,4.76316782866893,3.70836077756995,39.6091519605832,0.865352830650936,4.25049731184531,5.90045760127766,41.0437845771578,0.879443592047339,23.6625595083893,6.7357968120441
7,398.388717652287,77.4585494329294,39.8338593796683,31.5175977855384,34.4926078341235,16.3183033497438,383.857078904084,1.72596733141429e-09,46.9143641822003,0.474044970809116,1.75364819446696e-09,87.4957587650869,0.408987608272381,2.36729079327442e-09,2966.96011827182,0.202138302129367,8.31576827774983e-10,3742.87474857088,0.315881934333061,2.32744435309969e-09,1890.21461630767,0.262738268406912,94.1527631365961,43.2359471849126,0.881535541581528,21.0475304117259,0.904254461495787,3.11740714471994,4.85420181652963,32.2342696498357,0.890728159343714,6.53129891387903,4.35771021469809,37.5660442277967,0.935847665716275,29.7429350571329,5.42007136173989
8,333.747661636758,66.8298361796768,36.3401566715502,31.7577586773814,37.2139569742141,14.3965333126651,356.080989168674,1.7450871958376e-09,41.142099996594,0.402419272549955,1.6240285437847e-09,97.3378781464154,0.364478314868777,2.05073997380597e-09,3774.90442710491,0.184808516818988,8.06595281335317e-10,3888.94355648668,0.368033766429241,2.20732457251622e-09,1912.06464457176,0.275786862057118,110.924843452213,49.3865628309175,0.826497082973001,21.021834193195,0.787928243207113,6.09455743970282,3.52564271283713,34.7093206555573,0.88724303701721,6.40378048107327,4.65104210327103,40.2852469912314,0.938854929235071,24.77906718118,4.40592400082656
9,332.722251784237,51.0600083863337,38.8420274873719,33.2933343741233,30.7883913321589,10.3715669089948,328.135878772182,1.51730689206459e-09,47.0612218883139,0.475335251345003,1.78605087186488e-09,87.0851235638316,0.41142647673383,2.2903016317461e-09,3087.04023368734,0.195382689644072,1.15173354239269e-09,3791.75158504914,0.348171103539567,2.39425563780255e-09,1835.97496738714,0.290174813267767,98.5926059595586,48.5791313266325,0.186410421000906,24.156855238572,0.972484680967614,3.31010030429353,4.71151957555355,36.4068009454141,0.958146126087237,7.14414151430295,3.96620619477218,40.7717505029558,0.925388005143217,24.9672769695033,7.5857737440007
10,397.902065386291,47.467969440187,34.2910079521198,34.2000164437098,37.9698184199476,11.5251469047559,313.755760853631,1.78346678010018e-09,41.8562993410175,0.464893324767103,1.71239556694219e-09,80.2555830175987,0.422336679557455,2.38981964170469e-09,3732.53395025065,0.189015821187417,1.08178773378776e-09,3503.13770299615,0.351319162917942,2.16613897491592e-09,1718.38822714245,0.304046922665216,118.94158234962,45.4975540728463,0.177266675743727,27.4206378815453,0.882763411962293,7.30909110284911,3.70602873965012,38.7451664599048,0.834541332188517,6.14261302511018,4.36839334944512,39.8504220648274,0.789490867677588,24.130679017528,7.43505484411858
11,361.582541149601,49.3107193938014,35.2192307685843,39.1642256980906,37.8686120211441,11.0554692393053,340.25099868796,1.42592985350796e-09,42.8228919246267,0.476118157532804,1.89975769395124e-09,94.8540592239904,0.437192231086405,2.11620152894234e-09,3796.89986200602,0.215682231236763,1.0307484985297e-09,3915.27871952064,0.316448049279978,2.3214781962991e-09,1802.75192868384,0.318424878159694,94.933985704463,42.0920767246599,0.0423757587397395,20.9685592567796,0.862686509913182,6.33756440181738,3.67199101763925,39.8946431941652,0.839054949691673,6.30157236634578,6.51986766625052,38.9868091626509,0.817797606304471,29.9361556943281,5.5692638574731
12,331.608055696134,59.2231349134572,37.5250140278097,33.5942088548944,39.6678177723153,12.2734204252091,339.950533931503,1.53427776468808e-09,40.8927216737625,0.469925515859583,1.9184370271967e-09,94.087857819644,0.409105241895618,2.55586178432634e-09,3351.8142789114,0.2050478060737,1.05018263412161e-09,3874.76358523994,0.347691503829353,2.15042092517537e-09,1719.5642941254,0.265349042686801,96.0741406083205,42.6121496839577,0.67100718937005,22.3391866685634,0.815035144054934,6.91144239136716,4.40230016476507,38.5273246238177,0.892423959514499,6.67286333184348,4.53670596787734,44.3791215232305,0.822476801242116,20.0984462622851,7.21591817389284
13,320.98687636648,55.5100500754634,32.4504618966435,36.5514947603662,30.5859264217337,14.2535567687012,368.753772965633,1.69983364477188e-09,44.2649932285668,0.450093681278156,1.67144987367198e-09,87.0628185768081,0.406602107699467,2.48885010334901e-09,3641.70490270495,0.185184018241703,1.01402967060304e-09,4425.89303150271,0.392832377896754,2.1663783398029e-09,1971.02539067496,0.322539471175013,84.9575519984967,40.2532078738503,0.65293409622104,28.4858190723395,0.820186717405219,5.51307514360412,2.12416747953759,34.8043623964416,0.812429124197833,3.77747080104253,4.06656939614543,38.7118745625257,0.929302885550044,21.2508439900891,6.31729636326698
14,319.225162618329,77.7870752881766,32.3680531422715,31.5847401316874,36.6889850974102,14.6123050908324,367.338149416174,1.67409404095424e-09,44.6909278045028,0.401676474410466,1.90878890706749e-09,85.3613901247183,0.398695620216763,2.06569070829126e-09,3468.17670260799,0.214355409434816,1.07833221869643e-09,3718.64300809815,0.354683484488058,2.15129704864812e-09,1773.81935257482,0.307212169087678,103.026399567555,41.5477261775955,0.113149099589967,20.5922095894167,0.899880589638549,6.98700779065713,4.23055393482624,37.2079302265188,0.989495827020917,5.31106527347363,3.80435237880343,40.851936556375,0.930844987404881,25.5435408256349,5.17862412558113
15,381.747693648729,52.1713927900736,32.2839708310698,31.6319647613035,37.0260826236924,19.1836951707198,333.328466410677,1.625760778172e-09,41.3313972893893,0.401914972596482,1.78442240851768e-09,86.1535819318102,0.407729509625263,2.53829205605469e-09,3602.72132658347,0.188236063165371,1.04933864103713e-09,3700.70814856435,0.304231025993826,2.18745588424156e-09,1737.10885687615,0.332675978081128,117.131861793357,44.8235340160181,0.779449629478336,27.2599874295506,0.936843565453455,5.89020016591091,3.94422265563955,39.776777041113,0.850967407220794,4.5347810851607,3.35976317029153,39.9764766938643,0.887024302271396,24.7855697455476,5.67764631013899
16,373.48976191516,69.4088650227796,38.4325424463586,33.6174769034731,35.8231453691149,14.2755343461254,396.89652236018,1.59681334060209e-09,43.1307135595414,0.453184998849615,1.63482833728314e-09,87.300513780648,0.407296485409189,2.45944462815452e-09,3623.0883981772,0.21095668108315,1.15743550269063e-09,3641.50899597436,0.392538013743789,2.33426435281073e-09,1877.61849075336,0.310980508310248,113.753304772309,47.7369059020226,0.140030499116499,21.7434313334634,0.861209508356559,3.37496105386234,3.69556774194348,30.9416224866097,0.899586877064762,5.38837720299321,5.4747427450358,39.6315687665607,0.963468817723293,27.2606088972357,7.55890746103452
17,345.577860579839,76.9964652486072,38.4411283487918,39.0527035135191,36.751879224965,16.3445926384368,352.250744436799,1.46566091678257e-09,43.3552117393551,0.430060385505074,1.82133659431052e-09,89.8500319012083,0.42135539105628,2.52806039939459e-09,3724.44538280271,0.190862121341721,9.37182543672539e-10,4326.83523151018,0.334159626162263,2.29535539915994e-09,1684.94356728976,0.268483772065832,85.7201093747007,48.7149835114142,0.754667150100934,29.4577443594683,0.980269415305641,3.13212124880882,2.69029508439827,32.9798494900784,0.838785793556795,3.1674881930911,6.29130550143673,35.3908700027013,0.817184452479811,27.6456534701508,6.44436486778426
18,338.178147296101,53.9695767321375,38.2955381666128,39.6366625888424,34.9110912025475,17.5323930922165,315.079737869254,1.54880842225338e-09,42.9286751500929,0.402952866566898,1.73351562618972e-09,99.1385893241528,0.359518003606555,2.56113678384822e-09,2895.17661935158,0.180613744072873,1.1677580754775e-09,4245.25672813656,0.373333471305385,2.14733931821837e-09,1624.95816822112,0.264732339656971,117.345025060107,40.5195386767152,0.872493232208529,22.7461257458048,0.821699197675392,3.51828404947657,4.7672483203656,33.8081394937819,0.812822203301786,4.69572726429786,4.08903420598754,40.0817777541922,0.790439472000587,26.1084839609285,7.23276765973124
19,331.809921609191,48.9465448868483,39.6592703215979,30.0367377881731,36.4041338173165,10.6549049784556,333.70830717224,1.40623149008345e-09,44.2709650733689,0.410958133982567,1.74409293043225e-09,81.1833923686231,0.422246269485073,2.58385822868742e-09,2965.82546321331,0.182430960196429,1.07208803522893e-09,4403.76394765568,0.320760240090769,2.30384167410575e-09,1921.18144796079,0.327600543684152,106.653421385331,46.9120120095873,0.419205421689558,20.5496864724976,0.794452622635392,5.0059939939441,3.5518786480304,37.7801837408134,0.931918083679769,5.53249475335039,6.87101767001615,35.963909124626,0.887811621256575,24.2617328695175,4.98272292756664
20,320.192156207166,46.6716520214496,35.5792831566939,34.2495438138294,36.6130189806853,19.7700390970915,304.388232866582,1.69504053967628e-09,42.4360455954076,0.442408020338607,1.94852098129504e-09,82.6127066062016,0.377814216421634,2.46815752031028e-09,3513.60843302854,0.197879728472479,1.14198241945772e-09,3900.68538387509,0.303215233345401,2.05946388730196e-09,1761.38488416907,0.264023840500544,99.4547694427691,48.4335710885257,0.692511446935173,22.1183257121708,0.843944565012122,6.42990382822433,2.91747198208055,30.3068639584299,0.948700266010804,7.64566598514501,4.22195300603986,44.2235168295374,0.939751494252458,23.1240430712023,4.72216874079183
21,321.57656986927,60.2241947788993,36.1045116680461,36.6191640351222,38.9853055625246,10.993435413825,385.975120087952,1.6687988511731e-09,47.7423517774255,0.464528975482881,1.84691482674141e-09,87.8308548184842,0.436612095829274,2.22444924195099e-09,3140.06935166928,0.191679422842216,8.41916121609541e-10,3734.1865681496,0.39779854594898,2.23398538924112e-09,1979.16797399015,0.26883978281471,96.6615637883258,43.6157218423994,0.238208337835817,24.3992839773662,0.823051644983416,4.65267959255113,3.05331771314339,35.0315388052834,0.90502253509507,7.06390156097088,4.41025713254656,42.7921485642193,0.856030209203016,24.7628157551412,4.15432719310863
22,368.929334700828,49.8414863738148,39.0960080582955,35.3009471199186,34.725833567491,12.4925076071273,349.827601719758,1.78620854936684e-09,43.971042265423,0.416581410182742,1.82887481678167e-09,82.4064627697074,0.421863773705973,2.32261613100507e-09,2842.8394518723,0.213274479706901,8.29128369463218e-10,3607.95687783494,0.302422645115178,2.20071249564887e-09,1806.55934454112,0.257347344438672,113.76996343891,43.0295129304585,0.905966734423594,25.125167555845,0.951641224483542,3.17996784514769,2.01915329921823,33.0780226711206,0.858757647349519,5.01336276873318,3.95869854029706,43.4549830410635,0.929631302062152,20.594780831069,6.03786692321145
23,319.538203807145,63.6159187827825,39.6452805772073,33.2279632841346,35.6442301772175,15.40879211576,306.970569220397,1.55380695399339e-09,43.2897176734833,0.404494405728012,1.70162238811192e-09,97.2084408106963,0.355109118559881,2.36769700477132e-09,3725.88151380159,0.21212083580043,9.0399784397998e-10,3610.82313042147,0.3552593868598,2.23380097033753e-09,1789.68988438703,0.327493329262778,109.639919304522,41.9748659436793,0.509898779110171,21.2419575645287,0.923694018041231,5.1667214177054,3.8721753339395,36.0358351896774,0.945480445596702,7.26410247192878,3.12545104135815,35.0508097227933,0.83976976667651,24.2062687251912,5.61427100971444
24,368.053547312299,70.0353901923943,33.2490173713268,31.2399094732912,39.2343914399743,13.3578702581104,388.166392641731,1.73685061315047e-09,41.9436321268365,0.446221171668658,1.70580182046784e-09,91.2620915132619,0.448116274094326,2.19697860678037e-09,3356.38038508657,0.199638820061648,1.1391090512107e-09,4127.1325338139,0.336648907948561,2.28734658601441e-09,1774.78239892085,0.328601489608057,109.236045457405,46.144898513544,0.357638750127182,25.9482589681405,0.794891675594449,3.00628464584193,2.62848450774658,35.1686708802032,0.906666248323183,7.38770594229506,5.04784959187356,39.1290954021075,0.790925823831804,27.1454360108322,7.63272839124043
25,325.044977675543,59.7154358520065,36.8226025757196,32.6198663243985,35.7711821629908,13.7711040717854,317.369789595207,1.74800967507516e-09,47.1195559944117,0.441351479987187,1.61554744206316e-09,82.6322557071564,0.352902679585484,2.29352901508187e-09,3479.8237652711,0.193658498242479,1.09537055122302e-09,4337.27606350439,0.330121624645474,2.00124471034143e-09,1906.61601128302,0.328663425691996,88.5512786148575,43.3835481616648,0.219603037733062,26.7281499734588,0.85997394254137,3.84654798838208,4.19817347302874,30.534533557377,0.793730752811793,5.9634699390348,6.48128946388298,40.4706287578226,0.989820613027192,23.9524624120495,4.17955562026661
26,343.328453170236,78.5714801039084,35.2720462351463,38.261523962325,35.3028391935747,13.148733110446,313.729570269054,1.71645582267768e-09,47.951385821704,0.469442081358078,1.79246096190034e-09,88.4746881230617,0.362173191748102,2.13004149638733e-09,3733.26930486327,0.204940360262264,1.09276357164599e-09,3706.81834877554,0.366741111477984,2.06758523174414e-09,1952.16069531931,0.2813009560061,98.9572673189216,42.3210283551534,0.702185810724012,28.2690356824254,0.959674198568186,5.64324176929982,4.83137886781402,37.6750202105823,0.861165295265264,4.14493163377555,3.00896600264576,42.7749856112262,0.781007082719203,25.8561055023954,6.48707010857479
27,375.725029624877,72.1361876643033,31.1229551956813,34.639828003168,30.3657359164032,16.0268190139099,394.665495407985,1.69449556095825e-09,48.1618414866486,0.411829555936773,1.92494942218217e-09,93.4533165572765,0.382997223787911,2.2323745222346e-09,3189.20093115496,0.207136997378094,1.00475549797328e-09,4278.3881466695,0.327986259858773,2.03757868912336e-09,1913.4841840808,0.258999000527812,114.037108811655,45.2020449932967,0.708372935822288,20.4174635063632,0.83222191041768,5.12546476538138,4.72778225765558,31.7097855283223,0.781149041690154,7.94431656214492,4.3937783054445,41.6670364885596,0.968319102544126,24.9478251523394,7.0565715466664
28,371.910752711615,40.4241734273033,35.7925473734687,30.9413824752486,32.868798922675,18.02157238166,337.232280008495,1.62900731548694e-09,47.1597657789564,0.412067613632554,1.82646877851755e-09,88.0808993920938,0.425471032008759,2.33093873269351e-09,3645.02300101937,0.193598227055877,1.12268353392665e-09,3578.23437739034,0.354736864767635,2.23642153156802e-09,1675.63710205597,0.330821296487833,94.7146962126203,41.1066847171619,0.667969286475499,21.0148643764903,0.869373526032399,5.08913233077753,4.61157076569297,39.6024836840719,0.794313335414964,6.07244614766143,6.327587738816,36.0008629822668,0.926225652259462,27.3951734650946,4.16168494866457
29,333.570012647279,40.1614011445035,37.7942085282226,30.4224124586957,32.7365014876979,13.8611761458087,314.912390144613,1.77865096787308e-09,40.5027711956488,0.428587214822962,1.78356996388436e-09,84.3438264923687,0.350184906371812,2.46820467342206e-09,3301.30795232691,0.204403790610901,1.00536272179301e-09,4258.81229860656,0.318638969293229,2.16911393655865e-09,1656.16511336211,0.267080088760138,119.738844331417,48.8916728480924,0.825278754454404,22.855018842423,0.944357267180472,6.45604189976122,4.12188664563535,39.2071412579939,0.937126558317967,4.79654657917029,3.74526989718001,35.7344657510181,0.965443288956045,22.5552159244719,7.71099774796578
30,353.894879912848,77.9876123815587,31.4349125480975,39.9787440718854,30.9661394103028,19.8327687313371,345.653100080588,1.78115212729102e-09,48.7500069211329,0.467434720152198,1.66937449778553e-09,87.4092290694755,0.368433838460582,2.14367911706737e-09,3633.89666898672,0.191080238879654,8.44057555041077e-10,4423.86224040705,0.356590828629692,2.22844717056349e-09,1668.25242589372,0.310850080972795,98.1910202782201,49.2245471032183,0.303931618391061,27.8568609335774,0.990699592226808,6.95653100010469,3.33602734380827,33.8144817592136,0.830089021422412,7.65226371316386,5.88468271974928,38.5714973922526,0.890042243106401,25.4116570811018,4.02898709095767
31,342.396455615676,66.3181399790628,37.2428895901046,30.7345801623966,31.0293640837884,16.8325843675876,355.611772442793,1.52987812130328e-09,42.3824602458849,0.453835340244385,1.6569576684786e-09,94.6691791563212,0.368958757573281,2.31040793175371e-09,3256.23236535848,0.212396293234015,9.50725799763364e-10,3508.16012091626,0.373532579963314,2.35364027209053e-09,1830.08404578998,0.308189307079466,103.740192970732,46.4927396991686,0.163639586807731,22.5200607885464,0.872880799267447,5.58442182567989,4.52021850107999,30.7201662100199,0.964898210497543,5.78193709227491,4.92698094295411,39.7030632522117,0.826519948414152,28.8843066156701,4.08670919332214
32,353.108574366344,70.3661970178725,35.4449686786399,35.0152718698836,32.4969384349778,13.1915984879128,385.457082149148,1.46214718459723e-09,49.3471059521377,0.41281674295132,1.8573858087113e-09,97.1974978537882,0.417114133424184,2.53322376713255e-09,3378.29842348166,0.218612277136013,9.97555538269952e-10,3844.17216053503,0.322130040634774,2.30352321775799e-09,1945.11773473156,0.270274774798667,115.925082243391,48.3186536687085,0.547857710300053,27.485116413913,0.878842169130791,4.19635647522126,3.49666738905483,31.1545869330182,0.823597935475363,3.96454463954676,4.90813162228371,41.0416963180215,0.943282195653468,28.3406317220344,7.01492262156241
33,382.183857542283,49.2086707001081,32.9971748667507,38.8992460480716,33.1373777415398,15.2082809044546,316.652515874392,1.50222689276825e-09,45.6004462673193,0.415756816443432,1.86301192910161e-09,96.2902936484745,0.374913631008808,2.58124394851646e-09,2838.94074899884,0.205489760794772,1.19114573651944e-09,4181.2135045363,0.399474084630884,2.08950374891664e-09,1814.85239541373,0.317999774562108,102.52678734955,40.1516503114787,0.391579313333671,28.6656284157307,0.848502615406338,6.06189537289191,4.45128522060144,32.4985888214747,0.830592036148504,6.55340530062436,4.58154230953824,43.8667126631739,0.900839699883547,27.7998689019037,7.98582495762324
34,368.593647139342,65.5365773245274,34.9046100410074,34.8821701661561,36.9849282251159,10.8086371675089,361.601693831043,1.78608915265814e-09,41.4830742446101,0.450172830296918,1.90278053190533e-09,92.767450077269,0.375134004726978,2.2951090152487e-09,3516.83361343766,0.180495126136914,9.98831237758513e-10,4274.2283102572,0.303835317010954,2.06430721384043e-09,1879.41687894845,0.257888689035338,119.416009050849,49.1506503801708,0.366196012845131,26.9258214655075,0.935102546092826,7.58568817148946,2.53176817079119,31.6022538949805,0.953875470468095,5.22740178618182,5.82491860573862,41.3536922442144,0.834332039572361,20.7998078411369,4.46910453951632
35,363.341554444875,64.5259389282618,39.0972924327461,30.4328331421816,32.905138722822,15.1075923964735,309.999096343234,1.52708794725909e-09,44.3958088855619,0.42681044870951,1.71214601233011e-09,95.5155359055077,0.377121644232466,2.36733489796211e-09,3594.91113605461,0.191806760843404,1.14584321394204e-09,4228.67088219454,0.351125525746279,2.34728669896566e-09,1864.44277733052,0.316494252528537,88.6514273793084,47.4711345248882,0.987851299907913,26.5115987363238,0.968589532389433,6.67095364927879,2.15318537543952,32.1850456382716,0.822870676339662,7.94916561174881,6.06903139707849,38.0026277541229,0.810842633183515,21.9101582501027,5.7861243869585
36,317.707585138511,66.8873389809946,30.4703036624508,32.6108395475764,35.6012944744678,19.4593649891035,370.514668828192,1.69467179094571e-09,41.3084699298993,0.476454949079534,1.66467013101644e-09,85.6322915669006,0.378911737056076,2.51907984842943e-09,3432.45158762013,0.181210367966186,9.17469168168564e-10,4059.08347917814,0.352350108213075,2.29239536511691e-09,1803.9105197416,0.307512253330452,97.5374469873433,41.5014885122007,0.735603620449212,22.9158895289245,0.902435788252865,6.47944497343842,3.97160930110938,34.7936280356929,0.86107073496871,4.27128990502585,3.86269196190031,36.9259226654625,0.818803309480128,23.130534573574,6.71324470089821
37,381.648703458073,72.3390810299216,35.7363761613542,38.096686008921,35.6781969728853,17.464342928136,341.324702500909,1.43124978167937e-09,47.2998462796056,0.478481136964655,1.77763774570464e-09,98.2330037135956,0.3992694521281,2.14279071288581e-09,3502.23521830391,0.187179109682556,1.11283571783567e-09,4129.93947689511,0.323280543822837,2.15032879924525e-09,1805.15092037431,0.255548752348995,88.137580201307,40.2105578053216,0.985503789063036,29.470561731837,0.864395328864154,4.56961787163857,2.26675074019069,37.4279084968952,0.9401863068741,5.01166881132393,3.12571305388995,43.4037618779905,0.964732418706869,27.3492392567616,6.77448044381818
38,396.584528183671,78.188535474857,37.9227698087965,31.7006715310618,38.0614327480982,11.009721345108,394.578166755254,1.78332254813198e-09,43.3500050784232,0.463727660314679,1.81934649412749e-09,80.0607855414434,0.368263526488882,2.3354509903169e-09,3389.93461076735,0.217799976771206,9.02209425210616e-10,4493.38201684621,0.329553442276472,2.04474269345082e-09,1846.84865586015,0.251939625869785,117.414316630723,42.5718338901388,0.810504868831574,20.1358370036676,0.921409433090407,3.96517069201213,3.77200718414863,31.7380336932336,0.981295818420138,6.96779249462327,3.04340574342196,38.5159779678254,0.809497368757736,21.1656533840857,4.13358175218569
39,321.120926601483,51.8932601699633,39.8907739215651,30.8282129526808,35.6722036891758,17.6977159567904,334.291136233235,1.7190871968988e-09,40.4369518628106,0.471543629655749,1.79556947489979e-09,93.2045031231068,0.35449203497629,2.12280224640866e-09,3274.96103757851,0.205043825943651,1.05412875602006e-09,3526.6179666142,0.359289179242474,2.21113428714025e-09,1696.8327128807,0.253252167996923,98.320142954733,42.2370787648515,0.91900118727012,20.2205481304099,0.852583333891833,4.34885709011906,2.06410634261748,31.0365148502815,0.827270379441524,7.84350262255982,4.51901309501695,38.1332930658333,0.866613671449059,21.5238861799221,5.06890977762691
40,370.986291989937,64.9353365214089,35.4441203822618,36.6636289092138,37.5993693071891,16.6548060741267,355.983944122827,1.65987190315665e-09,43.8715593859107,0.428999509285253,1.90018495246974e-09,98.1424492125089,0.384076360146918,2.23573933783252e-09,3449.68685086593,0.197414032171025,9.41045146411793e-10,4122.82507633335,0.30322670334786,2.15159637630648e-09,1976.66520712303,0.263917044820537,93.3335430752832,41.3887582072766,0.370193528400761,26.2772616319514,0.794378197259041,7.82301750632644,3.46340950131937,33.8801727191414,0.905029375940809,5.64662159524266,3.81820975843541,42.1874811021883,0.860493166506477,26.3024665500822,7.89747221640775
41,318.609924602365,49.9344427727913,38.9967730615543,31.2411283824669,31.3329631813976,11.5137209798771,362.066440221878,1.70559109714185e-09,40.4325094133884,0.444103593555123,1.74171509166195e-09,99.0407817059713,0.403621921142963,2.01746747731131e-09,3161.95835072964,0.202296402967371,1.04564842178209e-09,3804.1453676627,0.348226821905602,2.2884621800641e-09,1940.74111714416,0.281258444545349,86.5609792187025,40.6936568150689,0.379226087923816,25.6974305690374,0.962873306881268,3.454765787077,2.51310017960999,30.821752138662,0.823557844922248,6.92774740636092,4.89501390095591,37.7422126457103,0.942625684589725,22.5944565360057,6.9623071468958
42,324.76147984698,43.86108079102,39.0112981719891,39.4979487666177,35.2999359544689,19.6366702745513,356.646654293615,1.40683737228896e-09,46.25498659033,0.439576229957007,1.81719885644014e-09,93.5406764124231,0.432715920454133,2.2881122489217e-09,3657.20862749067,0.193330471482055,8.83784258314867e-10,3576.08819847449,0.37402480845042,2.05833929351012e-09,1860.5348650961,0.29423914841315,100.925239620592,43.8185578539675,0.267023853690014,21.5819740699665,0.866258392545185,3.57144453060422,2.19045736964984,36.4051813811145,0.925237014731526,7.99790016165503,4.34516142135657,38.8586370811887,0.898128829818668,20.7680206473832,6.82006870584889
43,337.344231755938,63.2435948523134,32.5766993138803,35.6453511201092,31.5747540976914,15.1156966892879,370.038593202803,1.60768013135885e-09,49.6827419307153,0.417297196810007,1.92093244430606e-09,86.299606859087,0.39581941016937,2.40180914714156e-09,3609.98069680899,0.188688170529869,8.36406751873124e-10,4131.05106727097,0.381998266243884,2.32022606724783e-09,1624.36102550145,0.315012120188198,87.2678234087838,45.0501798673566,0.295491955558724,20.7115782034033,0.881428463131242,6.99707688930049,4.25150386177742,39.1320898926889,0.881999282702807,4.05177252006989,5.87080480102659,39.2262768349229,0.822244065707771,28.2075745025432,6.42655559870575
44,329.569706673578,58.7219720551215,31.0742854263784,30.5067686773274,31.3459442088927,15.305763587952,352.701331692968,1.68573122777688e-09,46.2482859881453,0.449229014082828,1.91790425104943e-09,96.8418873520942,0.390067105474954,2.06616242905445e-09,2984.67879322289,0.208926113475517,8.15617249169029e-10,3704.98900515712,0.34606689072853,2.00743682590653e-09,1756.42726378353,0.324665690105119,86.2168575851186,40.6656987335646,0.593090953287301,27.763023071431,0.965635584579435,4.70369630521717,4.49439321748381,34.1170213825143,0.812842623012025,6.48040260930897,4.68734837938014,35.881370163633,0.957213595988808,21.4081477520656,5.34564956451549
45,344.983401065628,50.4087477758207,36.3396217108713,38.111266254284,34.2355249235226,11.1570079514243,317.187174749318,1.68422375906063e-09,48.5063528773029,0.459932362319641,1.80183136945447e-09,90.6527628314487,0.38709659046079,2.3093747305625e-09,3649.96584495494,0.195678326089553,9.99658490107272e-10,3704.1671875384,0.338995126121383,2.15996613937321e-09,1713.87247945736,0.342538489139189,119.51643484777,49.6073104106913,0.24732406282402,20.5982252568675,0.80651738551544,7.17399223461096,4.35950918545693,37.2978540476658,0.785625150037707,7.21133595818946,6.71205389315357,43.6495387248789,0.998003016955376,21.9971223052477,4.47960414359258
46,311.074028532805,55.9388923699823,39.8707081765223,39.6311113448975,35.1347240540809,19.9789370251809,356.239449521927,1.41153034632196e-09,45.7292773239329,0.425710847697315,1.73010527004939e-09,91.7212045324824,0.36171283015605,2.27138115464127e-09,3426.99177406723,0.186577985616409,8.17598368641913e-10,4060.8475574975,0.332615036747491,2.31760456401306e-09,1772.72801992206,0.315720333745262,80.7947265691195,43.5923100100151,0.711804280833213,26.4390453834487,0.834144227795628,3.3391828848778,2.93916793770637,36.2542349025874,0.941628183752997,5.65325377546167,4.91586349614908,43.7959185685133,0.998922813616829,22.6456172741413,6.39134498473439
47,321.84237705752,60.4917144458581,30.9514904260604,37.6171450774278,39.9475057167988,17.9943665794282,315.638249790376,1.66619555754116e-09,48.8524176459511,0.423798003781145,1.72564450187909e-09,87.4312229008872,0.399327779880881,2.24178915581708e-09,3528.44904605645,0.194996593461157,8.07258056323021e-10,4065.50711244137,0.397021941581615,2.07285716168464e-09,1945.01893390366,0.323334526248547,107.057938720474,41.3620142957445,0.0907675416867186,24.0830814877336,0.841648313188123,6.77561405858084,2.50037124024903,36.7306077217139,0.905851737439563,3.35588092428417,4.90489720441133,37.1631633306089,0.816501282090749,22.17517687056,4.05065304976245
48,342.248977628682,76.5100083195652,30.9494266021896,34.4090609421611,32.3987542230359,11.4368226299439,370.245237559417,1.5473340058383e-09,40.2026924885036,0.469374353433782,1.78263697491517e-09,83.8713047767651,0.360754676556573,2.46339831395413e-09,3719.03026660958,0.213744909972861,1.0724557910427e-09,3800.50215818983,0.397891512587463,2.30176426476082e-09,1683.02722461035,0.290970416118399,106.666102440237,49.0832156560128,0.979587441235633,20.4889207592269,0.830642311514016,6.42558021239428,3.22482599078794,33.3075707497223,0.822026454089573,4.74612346995822,4.99249131040161,37.9434723838218,0.815690137808496,24.6057568631446,6.58355239515205
49,360.467751155167,58.608332812623,38.8224123752768,38.5522389508659,34.1675780667414,13.5918810869775,331.528630408759,1.58359765317882e-09,40.2636979158151,0.417828215999591,1.93420677167586e-09,85.0009566213093,0.358914804115638,2.28404911559293e-09,3690.8864105642,0.206180019097709,1.01256271026287e-09,4028.95060620419,0.351633625685868,2.20737431306379e-09,1986.76964866037,0.319125667092216,96.2238418047471,48.229879260419,0.219866252922112,27.2532956412377,0.966914758930291,4.33500331259669,3.65279285672707,37.8059981101317,0.948384830581523,6.28357074328917,4.14644196897832,35.0360718315317,0.897518885875658,20.3620092867717,6.17012307160251
50,319.986979879224,76.4182185213315,35.2694620506777,33.2667823220788,34.0763045534565,19.7497907241342,351.910273507414,1.66404477986981e-09,48.7561530392556,0.435276595524475,1.78151670865286e-09,90.2613916773819,0.437865023170689,2.03261481889854e-09,3410.9421462287,0.191822402918345,1.12908357670983e-09,3671.8908100352,0.356774331816469,2.11647974114225e-09,1990.85601980741,0.258759772178651,112.869417710142,48.0053289915052,0.162305542559882,22.1905284698196,0.816474681419633,3.45601777184102,3.63897041330178,37.6200506741639,0.853285852162328,5.68297296593267,6.86337927974562,37.5591049490624,0.881735026948134,24.5919048835182,6.84097570608465
51,323.174007469824,78.544434944326,35.450144043149,39.8837930258651,36.7496888194776,18.1974392984875,382.260752285366,1.64927782948932e-09,49.3910911032936,0.457096066840134,1.82423115254379e-09,81.4553680900545,0.383755769754901,2.10569387935947e-09,3556.58277849834,0.215356270890875,8.77505535655056e-10,4326.96207533216,0.308490462075756,2.15468699998902e-09,1769.72316838405,0.260236301091642,113.871026967642,42.4834260009915,0.889359894499799,29.8620117613749,0.868110244441396,3.84126767017032,4.75471510884253,37.8097863995224,0.816946940729404,4.27389749248824,4.09515063823389,43.0821315549336,0.785063621489618,26.8059721054247,5.12416882002978
52,337.796325357876,67.2704205963962,33.0207788024407,37.1959654455562,37.5940923893349,19.3809951093685,373.629669349736,1.68575783463689e-09,43.906305508802,0.473645813978328,1.89881947258195e-09,80.8510526301675,0.351579436688416,2.10482788809224e-09,3784.40434645779,0.200427640562158,1.02385722788248e-09,4318.83027270784,0.39761517557743,2.19186678246927e-09,1874.56624050501,0.272264688132255,107.950371574565,44.3690704930545,0.151542926388,20.100086706084,0.824497372477118,7.01891505457032,4.54638080566796,39.9400743094224,0.890653087078893,6.7950977383542,4.03935109735958,40.5841885903946,0.830943044921428,29.2663490252774,7.82460211310129
53,396.530099324142,74.2385243974538,32.4190477778971,39.0439297948974,34.659663230094,13.8146563215558,337.138551712054,1.75457675216361e-09,42.5098520539911,0.421670580452198,1.71466282123126e-09,96.7237154418588,0.422797243892747,2.52676230998767e-09,3739.37455254005,0.218536795390094,1.05817600638171e-09,3975.95586483447,0.380530998627768,2.2153478094316e-09,1807.66585002362,0.253664895845471,84.0498264678392,43.8498072243655,0.195093825691757,21.0551186959947,0.937997473734187,6.17470642493263,4.09493119870779,31.5839042344877,0.884087741361556,6.60226141976758,3.63070739641435,35.8859533111812,0.941348924449762,24.3480102997666,6.63980041395947
54,373.72902689533,76.1355732016405,33.4161309248033,30.1656839953959,33.4459682187852,15.7831316344482,343.738297699925,1.43713422015269e-09,43.9329697105186,0.443698769378704,1.90692406666313e-09,98.4333356582051,0.426613692699,2.16595535223086e-09,3651.34191089444,0.21632773041526,1.03553734696256e-09,4218.81777838921,0.355563446964817,2.03661587945345e-09,1770.28802137729,0.340861411601028,92.8853900619596,45.4020772577097,0.480703846869318,21.6506913546453,0.873171609183254,4.16565432139686,4.2746094306665,30.0299351485423,0.952592899608632,7.14586593395304,6.61988885745249,44.7077379394092,0.951002633561653,22.1145769697323,6.27506528892784
55,346.246044192921,43.2930992850736,33.8458464174689,35.5266345043271,30.1404385447701,12.0885919214453,317.870904103111,1.56247215536048e-09,49.5102370953156,0.421703449392276,1.61944352526265e-09,98.2115146010693,0.379974313054616,2.06763944287626e-09,3343.05691945202,0.217796614175564,1.09787221347108e-09,3724.31204713717,0.391402435456487,2.27250456685228e-09,1637.51744404793,0.294795640392179,115.394628998903,43.4724687346911,0.45128807041016,22.7701670027592,0.992800730868747,5.37840279024746,3.58603256246374,30.912394241188,0.806432483833863,6.32505029743888,5.04218448548041,44.3288080126821,0.854641883746264,22.1375858890881,6.53412491209896
56,324.742150253651,72.5218478648398,39.5999869398632,31.5150552026946,37.7261122769278,12.0211530247985,315.43710809118,1.62187580987299e-09,47.2414566160988,0.448377269494665,1.70837773619783e-09,93.4837870976576,0.43715010587017,2.0876927992621e-09,3363.27366804436,0.198598119510334,1.17354362471222e-09,3640.09017192847,0.342367569432611,2.23989669981564e-09,1681.63418936963,0.332105860182467,110.681552882256,46.71444855648,0.656497798256291,25.3410922081214,0.935717558150452,3.4211978212678,3.37727541677923,37.530331479551,0.9668046192984,5.96579049366511,5.56364019016645,41.281076838172,0.864903695775183,27.6173794781059,6.86306209588478
57,300.852628301267,60.6194927244675,33.4424720350718,39.6502142162856,38.3927295828026,15.3274487613748,343.246913860862,1.43711180952046e-09,41.0642218957341,0.450162114818365,1.76510577928553e-09,86.3754390278324,0.382748243282943,2.19012052493349e-09,3176.66413387106,0.209568008804177,1.04470511988862e-09,4382.73771826908,0.369550978884282,2.24771282642793e-09,1666.53347478151,0.32701333596271,85.8629510553537,40.7285771119414,0.234602582267887,29.3860567893025,0.837765538943429,4.18828258093905,2.69283558691433,31.6521919446257,0.886888379428336,7.04383316011958,5.317942748396,36.07975396466,0.92842130623839,21.7885375756486,6.70441000844759
58,347.566380290436,53.9266388752598,36.585430222226,39.3061657711131,38.4875345328924,16.006183835603,303.337193846148,1.77599568188974e-09,41.4072826654474,0.451367342308357,1.71179335301312e-09,86.5438426622399,0.376884112718614,2.45280197992177e-09,3627.11769771686,0.217049682055856,1.12376658610955e-09,4135.37744202956,0.325229191902437,2.37053749195482e-09,1944.80216328481,0.340410147880229,119.876945849106,46.3617020101742,0.292349167200645,29.9540117642512,0.894163072066808,7.10420629354798,2.57272527052047,39.218239817568,0.948295800993845,7.70679185015192,3.42658422003275,35.915324188443,0.997965443782138,26.7309805612524,4.61865833629886
59,381.888800414142,67.8579965631983,39.7098150424834,38.6292409905571,36.8643841716991,19.1744850051105,398.749699781524,1.68964045610964e-09,47.8807493647664,0.461581776353175,1.61662270195205e-09,81.0014079011455,0.372320362676941,2.51978788008434e-09,3307.87655033186,0.201139754663693,1.1374523144908e-09,4174.94410522872,0.341295226314188,2.20782728256801e-09,1772.90281353724,0.34036678276362,86.3184153350215,49.4007025761305,0.00923664310301631,23.531817116116,0.922640166389357,4.41535333392778,2.19810317871605,33.5568894449975,0.970411708906117,3.60615905278202,4.16207145460153,37.1729859146751,0.94406815576732,29.5493144243383,4.88947408138708
60,310.271930447066,60.1852507518187,31.5189730920997,36.8651656032292,34.6653580027193,11.1322786884325,353.570723287907,1.69296316226974e-09,45.1903711823919,0.449184210973642,1.71557014817138e-09,89.8364872440042,0.352310320145675,2.07795447802202e-09,3099.10275716693,0.210304218800101,1.16203125701267e-09,3892.71708407618,0.380358626309136,2.38537146332653e-09,1900.1200375992,0.28918727545572,84.384237726522,40.7595716892527,0.0312172407252129,28.2465948432033,0.843935731230164,6.1941041576216,3.5031597309255,32.0454406186506,0.994845039159649,4.61785497559833,4.01211227584483,40.0435353834064,0.836075643211457,21.8971028159391,4.59649298677469
61,340.546648694046,51.9105656464973,38.2804286468085,32.6041120211458,34.4965417899062,13.4598997175479,305.65744391322,1.69088579623856e-09,40.3869870576548,0.407075626993951,1.76858518029987e-09,83.2622505667439,0.395329283008499,2.2610366678538e-09,3574.90729901184,0.202687670223501,1.152678175107e-09,3824.85683245739,0.374704489362224,2.37292596096996e-09,1685.93950682745,0.324958084447571,87.191919038875,47.6247971349607,0.129009102557168,25.8511216859853,0.794714143294794,3.92920086079615,3.40578897942269,33.4205340867249,0.837475269246188,3.14498275903181,5.69802692956582,41.7174529985703,0.9033662247894,21.8065794617431,5.18691166795788
62,310.887832572647,41.8425830219021,32.4427364555266,36.1668252120902,37.8837374135625,15.7434892322519,362.504097387742,1.52874138979638e-09,40.6611695186653,0.456743787951954,1.87898550510725e-09,91.9654631346361,0.374201053104009,2.28848992672011e-09,2910.0827491055,0.193522379524171,8.75879802813985e-10,4053.86301094589,0.38482391808998,2.30780348492072e-09,1965.75540303359,0.29809424456304,96.2477073949326,42.3265119047667,0.748536698002244,24.6382292938743,0.820992456878993,3.67838423993047,2.60517353582606,39.7612749357838,0.796655111155098,3.30336326921759,3.27029227644305,36.384614419662,0.787660174503731,28.6858448941291,6.84023095056936
63,340.225391804338,48.0284566417916,33.7240740043325,35.5602803756263,31.8721146905852,16.9143943069226,347.479709008945,1.54233320028826e-09,48.9595829691715,0.431968911992187,1.99871058206686e-09,82.8549720962413,0.424410216609069,2.15444213491579e-09,3537.31529843113,0.194912497107079,8.40053008359274e-10,3524.84587247627,0.321159906120944,2.06806443335767e-09,1606.22146130195,0.306906173631057,83.0042830058242,42.4853729784186,0.13781147845219,26.1563600402774,0.79940204004646,7.97351385346583,4.64056189599697,39.0506120046828,0.833346695187774,4.42058565127282,3.95061500943648,37.7400646212511,0.817202312509464,20.5795510976526,6.10712620382691
64,348.826141435256,55.7848199264303,33.1280386512728,31.3116458375079,33.8010814300979,16.4058398276509,305.162043547629,1.77232483871878e-09,48.9440247116789,0.479142021165082,1.98238948525621e-09,82.7119763120514,0.381717696401741,2.16106341102477e-09,3150.5616129534,0.204262784165388,9.89316777049137e-10,3536.45499912356,0.322380874638734,2.38440161421601e-09,1898.42771612368,0.267185841338711,91.7587752631578,46.2008894207025,0.469875075308836,21.532169369926,0.815546367207457,5.91739113852737,4.8170588819667,31.2161478849282,0.968369217551923,3.41852988579066,4.43947887732911,41.5317839258081,0.946264443969647,28.3762921927025,6.77406317212883
65,312.79870959636,62.6607334954323,38.2309248947717,38.3015729968374,34.1838080714406,17.0696605641223,339.862635798228,1.51851411455288e-09,43.4457824924179,0.47921430705605,1.92037799233239e-09,96.6955423365554,0.444320525023354,2.4911489073383e-09,3036.33558723522,0.19619867997896,1.02253088198549e-09,3674.22790300306,0.357472426190028,2.31519900478964e-09,1719.73605041682,0.302213070669258,108.977967898651,47.0903083355026,0.191823073304363,22.5326924154439,0.807962612880208,3.8955781160641,3.78052217910563,36.9095587328596,0.856247590290349,3.14784032235462,6.40822037690775,42.6952636177091,0.961177624945734,23.3328476771245,4.17810920282787
66,377.856347311931,65.328623446978,30.1310805035051,35.3700301754909,33.8703450703508,10.3966185225831,389.081331562282,1.70422948914553e-09,45.1366514338102,0.41484459718081,1.95926631679602e-09,93.3243624055827,0.417527260727448,2.31993862140318e-09,3072.9507963703,0.195115511540892,1.14428865775274e-09,3840.56562727601,0.389241419061658,2.10127677800494e-09,1936.26200907577,0.304016740195348,105.848096014346,41.1365862285063,0.980282498415962,22.7648304632943,0.813931311425892,7.99067702945361,4.19292776279899,34.9429837195144,0.896861486370726,7.00097674487117,3.21712047228747,42.9132746045789,0.936601015008827,20.8128857975689,7.58686426424252
67,343.445008773813,51.0641343872831,34.6808954420686,33.6897219081822,33.4160276229292,17.4452924720484,398.346174488777,1.54397367941379e-09,40.3213705885741,0.44244664026177,1.91651607284765e-09,87.064575633093,0.361873240674879,2.28512719379658e-09,2886.21114197361,0.197999288660563,9.84125546050607e-10,4292.86434451207,0.306848677367664,2.0215195418025e-09,1799.94682243364,0.318019145563739,110.824752267748,44.6399769042033,0.528242258625624,22.0901873153249,0.787686739597106,6.37505436638176,4.76983120288872,38.4022381221769,0.91385217814944,4.06000810477558,3.6146076057479,38.0240572274376,0.851590137678336,27.1986783077299,6.33444551486614
68,351.014927198738,76.2671386790678,33.8055143935391,30.9729169667705,32.5703137603075,15.9954284516742,305.931369281696,1.64662733282095e-09,42.9565870329814,0.447132751164968,1.89887227488916e-09,96.7136707783676,0.425546377562099,2.23696128122126e-09,3753.30482807625,0.194801339896944,8.85655833013339e-10,3659.86591838435,0.318382723089806,2.01420352426455e-09,1740.67442895525,0.325929103264543,105.537007255856,40.1254715394411,0.611232920406696,23.3562440715887,0.881540180340296,4.80786100547006,3.7746776824975,31.4769534010186,0.838433364377968,6.20946723834029,5.97195306725874,39.5279498299252,0.938504784489858,22.6924905135516,4.63788745513281
69,349.081050311204,59.2339087823963,33.1514170231476,36.0209935312785,38.9588359569809,15.3371533764554,350.162444291868,1.77901000678598e-09,49.3123586348182,0.414781168320615,1.94719580415632e-09,93.8836875100132,0.404157539888513,2.33848235314837e-09,3557.12408091582,0.183917281486837,9.18440500616327e-10,4376.72734474162,0.386587033332834,2.27055852675579e-09,1975.9342906219,0.290619553335362,86.7633999249859,41.8872186140898,0.724273183193066,25.2126632153523,0.850612499913579,4.1584150991349,2.99626057846265,34.8697167077921,0.902057328921371,3.40146591986053,4.56159454581106,39.3291203134887,0.897933376615898,23.9189945895387,5.99878238874193
70,314.368430664571,43.1036366862731,35.3817363801463,34.1483389411924,37.1775338214372,18.5009449597998,360.658083031487,1.47128236513512e-09,43.7187810276461,0.438832699981782,1.85879606094914e-09,83.9120276207691,0.419619489757392,2.0385470889625e-09,3465.28053639694,0.210936353429199,1.00596589567653e-09,4235.26977827846,0.304726064087148,2.13501154337158e-09,1811.57472368389,0.309142618107242,106.586436740275,40.1087574107343,0.946642416386756,20.7941053689367,0.924594826991471,7.82806845331759,2.15988747122943,31.451588284623,0.860648630781002,7.29052926413453,5.77591937486725,36.9248698336573,0.995409878456866,23.9173889444992,4.62794769862774
71,341.296307076856,69.0522168566138,31.4943350904697,33.4988602581613,38.6174503969911,11.4547112156409,357.731819526935,1.72444621225448e-09,49.7292797018825,0.411561421055084,1.69693808703715e-09,90.2588673765049,0.406792689594571,2.09242122636647e-09,3211.22980431857,0.209178077634124,9.04628491934822e-10,4331.42346675238,0.352711138700775,2.08245275021411e-09,1634.66862114648,0.34202559366974,84.2366568380724,47.6237722281862,0.371885723969832,24.4578826053624,0.880863720192659,4.22563257399892,2.59055781490624,37.0559973482273,0.791428353761261,7.16909179915113,4.60626727771103,37.0516566569057,0.882074642339351,24.3821963627674,4.90592812060068
72,315.256964663993,65.3014431156043,37.8410966529748,30.586883125814,39.538597648877,18.5991233653359,380.191589648958,1.4714937594459e-09,46.3630236431932,0.409128166005141,1.81399496698572e-09,91.3748643026878,0.367220568891641,2.46033192585002e-09,3796.61491198865,0.217724752263108,8.77803638145768e-10,4478.51476141514,0.34221852419931,2.03366502132188e-09,1761.40936880927,0.306493841134429,118.733909675643,45.6669360415203,0.761069439788238,28.5035181581642,0.856064286512909,4.44818702985846,3.87200408138427,37.8826742449452,0.951177507283518,6.1942714693744,3.87774988280257,41.2430429156431,0.890458665637747,22.2719842345377,6.23716143488556
73,342.077200448036,57.1653937587618,33.7809924923906,36.0492019542351,37.365922745141,14.4711123365406,359.747521982794,1.46117541912541e-09,45.8114435133612,0.411814084865071,1.66564100250999e-09,90.3420601868914,0.444441282601103,2.50708887063027e-09,2960.51907608867,0.18393676015713,8.39916184167701e-10,3506.58193184927,0.337558599558819,2.0928190095354e-09,1944.63880991525,0.271664224469352,98.5328687042969,49.373640183114,0.46120252244435,23.7508127706995,0.857510203182545,6.10863420899567,3.43002280643084,34.7916187858736,0.93490031206099,6.7226695803932,4.31834556893479,43.2767575552329,0.872691272433782,23.5806794115479,4.77541035386033
74,330.157440174505,63.0064725957124,37.4893863726131,39.2422005183121,37.1085689007641,17.3791769049697,336.222939950408,1.58861280981095e-09,42.9382500437094,0.438678682659197,1.9720071171836e-09,95.2094593217978,0.395496202849995,2.47271578550944e-09,3099.30357874863,0.205620076450861,1.03179872278236e-09,3567.95248868318,0.316441815635332,2.20232002740269e-09,1731.65093113344,0.289404443966656,83.943926609199,40.4440651049476,0.696577960339341,26.7106109025544,0.962408974713859,3.84655356077122,4.51874772878013,33.7024146187344,0.852475197549273,4.64492968722965,3.63898901446095,42.7509262411304,0.941260423740238,26.9624339966701,7.42022658926421
75,394.584616640293,73.9888920568269,33.6246366692485,35.5492632195737,31.0332042971482,17.1924215198192,309.055224013419,1.48442210381798e-09,44.7970446831933,0.429864820818277,1.73934983207478e-09,85.6042574063501,0.406881654039802,2.54001741779176e-09,3113.31115449918,0.198063780469774,1.15888404873222e-09,4404.05194297198,0.364416918619823,2.10711161126867e-09,1921.20327894609,0.303282981067712,111.753506406175,45.0111176753866,0.976806552712526,20.6755615039218,0.891817997817032,6.1488513988211,3.76991313049573,39.856984704177,0.951936994848157,5.91111527380085,4.84259880068138,43.5020105837015,0.799284305049325,24.1014448792512,5.23078664555426
76,372.888902571951,42.4287199274032,36.1705060636409,30.9874179564559,38.0143721914821,10.845328377435,348.764145970666,1.53279201763767e-09,42.0567385575173,0.469922986458937,1.97029620255043e-09,84.223514325105,0.358492093029203,2.04196466615368e-09,2888.96837896093,0.21414231424173,1.00419170752308e-09,3862.78822878722,0.334636006511101,2.30057115022893e-09,1878.38146446507,0.33625318233076,89.3485932068666,40.7480662209507,0.00293344954189145,26.3528018353119,0.954950782036437,5.83705456331877,3.59343620021335,36.0935456474154,0.927562409921241,6.82797700597327,5.98836289249207,36.6102530721803,0.994104870939593,21.5229914740723,5.88707532958153
77,395.376540708229,79.1246825323488,34.8652563440607,35.2754761258512,33.1858173277699,16.3903863436596,325.323278383703,1.41151567866254e-09,43.7011468939914,0.428202693751235,1.65979926171702e-09,97.3750056655645,0.358543189667193,2.23749854195891e-09,3480.89822871067,0.2125989382544,1.05624271106337e-09,4382.33721589172,0.341681605273633,2.26084916427797e-09,1849.90352637901,0.329975515264001,108.835221325792,47.3609474663606,0.100826516024093,22.2865271076326,0.824941019878813,5.43620405257534,2.53545023474784,34.307790158294,0.996447212429999,5.09120680406245,4.31381321822518,37.6279963477278,0.953680865660748,22.4345137609239,7.01498214844719
78,312.302217695321,43.3360469365127,32.6865794758639,30.5858560701422,32.0983978338509,17.3390265836198,361.741027954718,1.44044717559717e-09,45.0417507173891,0.419767151857568,1.9823077483395e-09,98.8838142468928,0.387902105192949,2.42585926181399e-09,2886.30053790645,0.203179216468908,8.69652021674851e-10,3933.41869295146,0.385606960022704,2.31473120364957e-09,1632.14417316646,0.276216930063766,113.081253824582,47.2687608072123,0.333041100810543,20.1185999662032,0.991098517251123,5.33639457155418,3.92996423728796,35.8937078705821,0.85646340866567,6.88821870495704,4.05796839111409,43.3581805150604,0.952539848645095,28.3875442128179,4.40357940439667
79,321.046004506159,46.7302926787003,38.4660229311112,33.0005655226125,33.1129424990882,12.9148830176564,348.006569778106,1.78240541444849e-09,46.5747093957649,0.403476214646257,1.77794132774284e-09,83.5416294632747,0.430058064394906,2.16472064351274e-09,3028.11177824347,0.182237897851443,8.48078358049039e-10,3531.8281498285,0.32224085030736,2.18195719455117e-09,1841.83508652917,0.265099699780146,101.371107242948,40.0383967269946,0.5107309787596,22.126303601051,0.831597194774069,7.90964030093532,3.3784895167007,32.7001479650603,0.916552502973278,3.25671007302941,5.72030766076444,35.6768587464279,0.839460522133393,21.868494281175,7.4071270027844
80,358.418977031164,68.2494636898208,31.2068970392058,38.1097488200374,36.3177498772184,11.4156628432007,309.557610540856,1.59426646390707e-09,46.0325713849237,0.407263478599505,1.71131811033694e-09,87.2329198193555,0.448705273832421,2.44456005980842e-09,3323.85662386088,0.216140551373745,1.01599140978086e-09,3540.01107045749,0.359630589829948,2.33731610302517e-09,1666.85916632023,0.297003797927152,101.934848651639,47.8664377982347,0.110166968297491,23.7612154213157,0.825612962808073,7.11968825441719,4.36772737499307,36.1296431683823,0.907803477335876,6.84739566091154,3.37573317005752,40.5546231155955,0.851154931609993,27.9273509978309,4.863917831109
81,384.77197677181,65.8787601525896,30.7777895300286,36.1465961713797,36.3244403699147,12.4032473667389,301.645248920434,1.74771458522363e-09,42.0007789428662,0.453085456618891,1.6895920511846e-09,86.6025445531258,0.402621396419814,2.31150910548141e-09,3606.26989516365,0.192025251473092,1.18852261092555e-09,4238.32300370245,0.361006131807474,2.14153834138178e-09,1617.69302104282,0.30806387480164,88.1030025267601,43.8302847645784,0.135398232472839,28.2823362685559,0.819985229968042,7.97091714596237,4.95401505990149,38.102421824291,0.842240319945746,4.68957222136967,3.85521418728299,44.8913653174624,0.873770077415299,25.9107886797697,6.6072617070564
82,376.496548872662,69.6538282554361,33.9782723311051,37.1511083107826,34.3938610650384,11.145511799931,334.132021801984,1.79979946995119e-09,44.900774772385,0.459636579632632,1.6926967058518e-09,80.0851006766739,0.416362154137705,2.34901257564749e-09,3694.03917714082,0.211735588153676,1.12268109182167e-09,3922.25169644149,0.330626550976533,2.17722738937403e-09,1900.06806815565,0.301116784933549,119.054878764375,47.9277280036095,0.453070263976452,23.1704021756496,0.923247848546066,6.99337709383785,2.30464242155883,38.8781093194558,0.912547409379282,7.24748246748291,5.53120571607028,39.1018853912047,0.984918112212601,24.1899574511646,5.60449987128685
83,302.994878428802,77.6231312273097,37.6881493276007,34.1209358762914,33.4861164832846,13.2659579650294,331.418594719501,1.54325328400042e-09,42.3142493730969,0.413711063311895,1.7938106452768e-09,92.3371862308417,0.386131205015252,2.39809096019081e-09,3575.12086552517,0.182340122213558,9.33265462891946e-10,3976.74923770587,0.354922010114748,2.33473963238599e-09,1957.19254993117,0.28301176927808,107.235144373785,41.7002453503633,0.605188885077178,23.2429003452401,0.869975630867587,7.10825550353876,3.78783635588837,39.5987185022389,0.93642762783182,7.33376262091974,5.854383132326,35.3130156317607,0.780312693099722,27.164913365675,6.15064922519299
84,314.169422249888,58.1080439562366,31.9003351063112,37.6632617901867,34.8847485984285,15.6266127915844,321.86204937883,1.41738637254839e-09,40.7092838930922,0.466331775900408,1.93802805709005e-09,82.3833455953397,0.373635246787435,2.11600009235564e-09,3284.29294748809,0.20813635342955,9.61687197846441e-10,3762.9835725772,0.387366488809709,2.141730126136e-09,1930.97057763547,0.308187496718858,118.566771961046,40.0191080013073,0.552948733977783,21.8065530223019,0.859804230114242,3.50616375351074,2.31166743883168,33.2267655867535,0.926480962840004,7.22518304036345,6.16758166721808,40.964552793791,0.792556351051914,22.0020647242812,7.44779968383256
85,341.811465142196,49.4739406056799,33.8748162783936,35.8280311983208,32.4859911423511,12.3867361941256,373.272733769283,1.73333271740003e-09,48.9820234724552,0.448586660195839,1.78395846148103e-09,90.9458309326988,0.36595761943794,2.07736650531974e-09,3283.3410095269,0.192063779195017,1.15054304655615e-09,3633.3458051837,0.384860135107454,2.28584716732808e-09,1896.71833416865,0.29150773134882,106.276606083862,45.6199547875729,0.21021550351904,27.2052449470296,0.783863611261007,3.3177341130453,3.86320293387699,39.9426859835853,0.805806225732358,6.52564546610393,5.97358783877325,35.6643085556908,0.841423324410994,26.2199529431134,5.14470900804734
86,326.674886046949,65.1590467541889,31.1905104467265,39.0311888873029,36.0696368466202,11.2533573758359,391.746319233351,1.59280921395445e-09,41.8240490484705,0.444346081952309,1.77369518120669e-09,88.3717071762737,0.410089997162429,2.04806916078863e-09,3340.42617448172,0.189017247369556,1.1313822219561e-09,3813.01286994039,0.367653984193319,2.17576401413062e-09,1877.4329551213,0.329464626810763,97.8964304661834,40.812969554889,0.805522270750073,29.4129627160234,0.843107504050646,7.94557160541517,4.75900908310545,36.6369068159088,0.983722892884557,3.67475394751746,6.69452728258232,40.6878854384354,0.834562654615005,23.5390748946912,4.62236736351041
87,365.881792580861,68.8148452602485,33.1272860963922,33.2176915893651,33.6052153288582,18.8485895530073,333.69462302632,1.53226678539852e-09,47.8572386323296,0.474686716382799,1.91386763788928e-09,99.0628791215404,0.404786333213191,2.00965657248808e-09,3335.45764990958,0.203211550437022,1.18372077055882e-09,4205.44604404305,0.375030670891369,2.01953317561634e-09,1966.67809422248,0.281197621598214,118.688370620654,49.18361256888,0.225047266032974,20.0268098518903,0.803976602061385,7.37463559860889,2.6640933854721,33.9921767207526,0.812537610835272,6.14010185293048,3.9096492598429,37.7182460695222,0.917337309465746,23.0879017805552,7.39880561898768
88,327.864949736812,60.4692375358738,36.7835699132508,35.9133121225178,34.5413739820154,18.6528778080027,313.115744908285,1.40667700143922e-09,44.1577443610879,0.466031653235468,1.83324966027496e-09,83.0771148647408,0.443052745995937,2.40642551620471e-09,3008.9985218033,0.204414302206415,9.9359906755953e-10,4477.64631186459,0.336255979404114,2.37244144790076e-09,1640.86708318597,0.270964164275232,89.0097665669618,40.8941882279278,0.397066365292585,21.3335510722539,0.844118578113193,7.7338272940171,2.18199551310482,34.9453713758979,0.818080705528587,4.77445874300273,3.29273566762745,44.6639837017783,0.974986801851679,29.9334306550525,6.27935948568743
89,354.403043974965,44.583106920529,32.1995124097571,32.3300421944585,37.4967808541884,11.7414004744825,386.25276205692,1.70055010856035e-09,45.7269037782807,0.452932646765981,1.92182117841966e-09,95.0865755232376,0.412797399491629,2.59640832005027e-09,3281.80925804193,0.218798659512203,1.0431264280617e-09,3768.11245942751,0.356138086028497,2.08105817355629e-09,1753.16282888862,0.258161203549737,110.074423555338,48.7616035795563,0.659891264020848,29.979221329409,0.838100349384496,3.44805151308484,2.21903124931416,37.8079607897494,0.791124419437078,7.60311429729633,6.74994500878126,36.9202519161933,0.851744488552349,25.9727879675426,5.33237806323049
90,388.970762003157,75.4546562281246,36.5357880394292,34.9175655700631,30.690910486246,10.1765055598702,369.275382804783,1.72401896161147e-09,45.7615680910701,0.400112047200378,1.63504561716055e-09,86.8878474730483,0.386500278931065,2.47022128319106e-09,3408.70845375361,0.188332843131748,9.07280827552521e-10,4337.63884418081,0.357624709805343,2.35283295084606e-09,1847.55857354722,0.299317652913169,110.685759305992,45.2786697038089,0.290684271941245,21.3729455999993,0.797367116283352,4.52685527616044,4.34619571284456,32.0093026346607,0.840015142392893,4.79147790079918,3.55005227783878,35.839497249003,0.98161962631522,28.6817105094712,6.06556935980094
91,395.287311846543,53.9863073598349,39.1545577086527,30.4400032301544,33.8982946911277,17.8614288243726,397.739312156857,1.68489112458487e-09,49.5260368367867,0.401145452873573,1.60341514665485e-09,99.1122590604474,0.352409422231124,2.58836934243866e-09,3160.79240295187,0.188501445880288,1.08167392016585e-09,4063.55699323153,0.392886993977837,2.2108989224336e-09,1921.66661238986,0.276139807309956,119.42550545254,47.3871107568145,0.932254974400102,23.5702764355584,0.974808325839381,5.065846103832,3.12612671288501,31.8352851594014,0.871493504410903,4.56259837378493,4.4974589895309,39.5522961245846,0.993771221090419,21.9130673356939,5.13347816265667
92,309.525152981514,56.9787145029451,34.4593888574632,31.8243345904582,38.4729779746384,16.3538891498836,310.204055096207,1.65974009429089e-09,48.8622412920747,0.460118745151466,1.61950768929189e-09,97.9262954850642,0.43485813500354,2.54838617303628e-09,3260.37066891392,0.184635679930457,9.47746832698648e-10,4120.56708750936,0.310157807889018,2.35412186422149e-09,1882.12441521102,0.295810639376108,98.388084071148,43.4530946059289,0.0958656911403002,28.0253538224685,0.974779212437182,6.94430702375621,4.63149843133609,31.5512874002497,0.826491551202697,3.82738780928576,3.49981468914332,36.5793357509609,0.831903264220394,29.1419606402375,4.6866617490517
93,340.318818907328,71.3960835438026,33.7278330354089,34.0898265883306,33.2103123454986,16.2609809825455,358.785957292707,1.51892278024806e-09,48.8015364764326,0.405304986615365,1.65410360746563e-09,80.138830138328,0.394002278902229,2.45336957930591e-09,3683.27857449157,0.187346665076043,9.89341425780958e-10,3976.3071136617,0.358930584295703,2.14277869795362e-09,1819.52861458259,0.277922555208354,114.638088536187,44.1420016719255,0.713031866577265,21.5272490962805,0.904685846453013,3.93867297515754,3.71073324733316,37.9207287953491,0.817621284880069,3.0614825031495,5.41662800434282,38.3268327512818,0.802367191195511,26.1241511230685,5.04844755209179
94,333.422244648398,67.4861798317667,34.2931095865295,36.3169893385808,37.2001568910834,18.1434206995347,321.403667576029,1.7600010713811e-09,49.9718779723986,0.44707080078969,1.96536388702001e-09,85.8191654679703,0.44642810321012,2.3695227999764e-09,3107.45336551898,0.205373772007708,1.0288852629907e-09,4258.21518672977,0.375923834588863,2.12227814006395e-09,1921.63110325004,0.330012220461762,80.1375813090173,44.3656723442137,0.96609773709478,21.4911403872586,0.840268428621563,4.19433684872746,3.32882374982791,38.2655192463423,0.954744162922842,3.06117027738849,6.42841103934822,37.2421210474234,0.792228138581445,23.2330516822652,7.32616368599001
95,310.157087077262,74.232374275077,31.9405430614948,31.0286752139935,36.1527647151282,18.6465933439264,381.933044519921,1.76416644724517e-09,45.9734631578291,0.426787691283145,1.78590299400991e-09,99.6145622110051,0.441310413331968,2.17207183719544e-09,3527.24587253333,0.1875817181782,1.03061060018354e-09,4123.0897232242,0.366243739217821,2.27722758568474e-09,1658.09206078717,0.30356927318208,95.2106636311376,40.2802416501002,0.0171988442914081,29.6494277388157,0.889994793671065,6.60362094062483,2.76974727153238,35.9683291209943,0.795059883656164,3.3096741576729,6.6386493269528,43.7029002082752,0.819202376972723,25.5006966756214,4.87464272074258
96,305.241936239544,57.9408362918178,35.5514484141586,36.8572887726962,30.0227009553511,18.3668482315051,319.487681837087,1.55422051239451e-09,41.9387434715496,0.476298788212099,1.86020371264299e-09,87.3939632339092,0.365216983168675,2.23150804708366e-09,3442.95908900936,0.181472854936322,1.19499032179087e-09,3524.45498267636,0.379445600402469,2.26049636976415e-09,1763.64009270291,0.310029930530206,89.7146546306082,41.586175277415,0.0659128141699257,27.3838085744219,0.959958548693504,5.31020653014909,3.59929508533005,33.2046518623192,0.951562952560912,6.31555430723677,5.38187368397534,36.6484775144188,0.884011146824789,29.1886222521886,7.83892956999612
97,334.012567295092,44.2677666167705,35.9555295098985,39.0464598886876,34.6139509507655,10.0561362731976,393.206874448954,1.62569380562223e-09,47.9847715698511,0.437975052769817,1.89185888579438e-09,94.2898447302518,0.43600371502996,2.16365552188239e-09,3361.05011134361,0.209226459306176,1.17259435328244e-09,3559.97934410681,0.333376472514006,2.00525575574374e-09,1990.67556919557,0.29700807731581,107.500854169982,41.8715467081436,0.617293026618127,21.2304336465159,0.849731543278461,4.23772711896632,2.28646243861606,34.7367943357381,0.891939551062076,7.55448115455949,4.56499326589178,35.6395850712836,0.838134515781021,23.1775144849805,5.33919690984188
98,312.711852036367,78.524154934636,36.2446656942781,36.1991787177947,32.0575059626679,13.3005135740518,315.024237044409,1.40554827821655e-09,49.7297622699902,0.461817414478653,1.76312480383682e-09,82.2978035319056,0.420015612752014,2.51283915531235e-09,3421.92794956745,0.200216368215587,8.2186077622722e-10,4095.71439394087,0.328382165345805,2.17403013508477e-09,1669.4829258502,0.285978184082888,101.608544217474,46.1493559455062,0.0996060266925309,24.8217937194298,0.801931150727709,6.98957826779129,2.84243236211919,33.594449292443,0.914101605227415,5.58066674642404,6.73128639332041,43.4474869844731,0.881553735304208,20.5463581342751,5.8208261654824
99,300.45520616204,64.6995168397567,32.952899942698,36.7421384337018,31.2416894115471,19.6473380038799,398.478337858419,1.69241368986523e-09,45.8005294638514,0.478186653235098,1.84663232330184e-09,89.3673365003617,0.375837766518439,2.10303247443509e-09,3338.29535938878,0.213305670314433,8.49089586825465e-10,3634.37003094917,0.392715970674216,2.24634337192005e-09,1710.00702802003,0.299377180019541,113.973357201183,44.7049924767563,0.42877425019041,26.0673429039767,0.904836449337791,7.46079566849515,2.45158779321453,32.9711842490536,0.844445181817372,4.12343560985894,5.36070261648862,38.1831698307412,0.781429503406804,22.3448144927687,5.9641240907953
100,335.256409397744,78.2860666719617,39.3297860269918,37.6370940581956,37.4506127723721,13.6358261840031,396.178702935025,1.59039813712466e-09,46.44960325634,0.4793183926282,1.82633903292842e-09,86.552616402973,0.433750726633101,2.01755496448004e-09,3648.3500639988,0.201690402005783,1.15699683392309e-09,4420.70979837338,0.382210231467774,2.04371576163523e-09,1692.19194895065,0.27971041016553,106.222090309118,43.2763705057328,0.503016233891443,29.295505410012,0.863784804757798,7.12918299111291,4.58586705755098,33.6519089655737,0.805190810616336,7.98314735073256,5.75015258880737,36.5316543068372,0.806371806692737,28.0960988831785,6.27624513575132
